<?xml version="1.0" encoding="UTF-8"?>
<titelRepository>
   <titel>
      <land>DE</land>
      <titel>Dr.</titel>
   </titel>
   <titel>
      <land>DE</land>
      <titel>Dr. h.c.</titel>
   </titel>
   <titel>
      <land>DE</land>
      <titel>Dr. rer. nat.</titel>
   </titel>
   <titel>
      <land>DE</land>
      <titel>Dipl. Ing.</titel>
   </titel>
   <titel>
      <titel>Prof.</titel>
   </titel>
   <titel>
      <geschlecht>MALE</geschlecht>
      <land>DE</land>
      <titel>Professor</titel>
   </titel>
   <titel>
      <geschlecht>FEMALE</geschlecht>
      <land>DE</land>
      <titel>Professorin</titel>
   </titel>
   <titel>
      <land>EN</land>
      <titel>Ph.D.</titel>
   </titel>
</titelRepository>
