<?xml version="1.0" encoding="UTF-8"?>
<titelRepository>
   <titel>
      <geschlecht>MALE</geschlecht>
      <land>DE</land>
      <titel>Dr.</titel>
   </titel>
   <titel>
      <geschlecht>FEMALE</geschlecht>
      <land>DE</land>
      <titel>Dr.</titel>
   </titel>
   <titel>
      <geschlecht>NONE</geschlecht>
      <land>DE</land>
      <titel>Dr.</titel>
   </titel>
   <titel>
      <geschlecht>MALE</geschlecht>
      <land>DE</land>
      <titel>Prof.</titel>
   </titel>
   <titel>
      <geschlecht>FEMALE</geschlecht>
      <land>DE</land>
      <titel>Prof.</titel>
   </titel>
   <titel>
      <geschlecht>NONE</geschlecht>
      <land>DE</land>
      <titel>Prof.</titel>
   </titel>
   <titel>
      <geschlecht>MALE</geschlecht>
      <land>EN</land>
      <titel>Ph.D.</titel>
   </titel>
   <titel>
      <geschlecht>FEMALE</geschlecht>
      <land>EN</land>
      <titel>Ph.D.</titel>
   </titel>
   <titel>
      <geschlecht>NONE</geschlecht>
      <land>EN</land>
      <titel>Ph.D.</titel>
   </titel>
   <titel>
      <geschlecht>MALE</geschlecht>
      <land>EN</land>
      <titel>Prof.</titel>
   </titel>
   <titel>
      <geschlecht>FEMALE</geschlecht>
      <land>EN</land>
      <titel>Prof.</titel>
   </titel>
   <titel>
      <geschlecht>NONE</geschlecht>
      <land>EN</land>
      <titel>Prof.</titel>
   </titel>
</titelRepository>
